video_id,views,likes,duration,category,has_questions,has_exclamations,has_numbers,has_emoji,title_caps_ratio,emoji_count,title_word_count,title_char_count,clickbait_count,clickbait_ratio,has_clickbait,des_caps_ratio,des_word_count,des_char_count,des_avg_word_len,channel_word_count,channel_char_count,channel_freq,tags_count,days_since_upload,upload_month,upload_day,upload_hour,is_weekend,weekday_0,weekday_1,weekday_2,weekday_3,weekday_4,weekday_5,weekday_6,category_label
ko70cExuzZM,77051145,1500000,238,5,0,0,0,0,0.0,0,9,54,0,0.0,0,0.0,9,48,4.444439506178327,2,12,1,9,17,10,5,0,1,0,0,0,0,0,0,1,Music
sr_qh33LsKQ,6916496,107000,15,5,0,0,0,0,0.0,0,4,28,0,0.0,0,0.0,7,70,8.999987142875511,1,6,1,17,8,10,14,0,0,0,1,0,0,0,0,0,Music
fTKqtvXjkvo,14235349,35000,8981,5,0,0,1,1,0.0,2,11,66,2,0.1818180165290759,1,0.0,66,383,4.818181088154381,2,12,1,26,117,6,27,0,1,0,0,0,0,1,0,0,Music
Oa_RSwwpPaA,825219529,5800000,193,5,0,0,0,0,0.0,0,7,51,0,0.0,0,0.0,18,146,6.999996111113272,2,12,1,22,643,1,18,0,0,0,0,0,1,0,0,0,Music
YcpMVsvK8pk,1239254,98000,6,5,0,0,0,0,0.0,0,6,46,0,0.0,0,0.0,6,46,6.666655555574074,2,12,1,25,2,10,20,0,0,1,0,0,0,0,0,0,Music
5GCfYLguTIs,9987113,228000,161,5,0,0,1,0,0.49999958333368055,0,10,73,0,0.0,0,0.0,5,35,5.9999880000240005,2,11,1,23,1,10,21,0,0,0,1,0,0,0,0,0,Music
b6-JNeXxN3s,54669315,517000,26,5,0,0,0,0,0.0,0,8,49,0,0.0,0,0.0,10,73,6.299993700006301,1,3,1,29,453,7,26,0,1,0,0,0,0,1,0,0,Music
Dh_HJrs7Zmg,794276,5600,5542,5,0,0,0,0,0.0,0,14,88,0,0.0,0,0.0,76,469,5.118420379155213,3,19,1,23,122,6,22,0,1,0,0,0,0,0,0,1,Music
hwUixddbmrQ,5257459,86000,21,5,0,0,0,0,0.11111098765445816,0,8,48,0,0.0,0,0.0,11,86,6.909084628104884,2,13,2,3,21,10,1,0,0,0,0,1,0,0,0,0,Music
vB0V3iCSzQw,126680459,1300000,151,5,0,0,0,0,0.7999984000032001,0,4,23,0,0.0,0,0.1428570408163994,13,80,5.076919171600637,2,13,1,9,77,8,6,0,0,0,0,1,0,0,0,0,Music
kkc5bs4RMPQ,3866285,14000,4017,5,0,0,1,1,0.0,3,7,38,1,0.14285693877580175,1,0.0,40,223,4.549998862500284,3,13,1,19,89,7,25,0,1,0,0,0,0,1,0,0,Music
cswfR85D7jM,29755829,392000,206,5,0,0,0,0,0.0,0,8,45,1,0.12499984375019532,1,0.0,7,69,8.85713020409971,2,11,1,22,537,5,3,0,1,0,0,0,0,1,0,0,Music
7uRjmrp6km4,17400,113,15,5,0,0,0,1,0.0,3,12,84,1,0.08333326388894677,1,0.0,43,269,5.23255692266118,2,14,1,18,1,10,21,0,0,0,1,0,0,0,0,0,Music
efxiDBygvdg,107668738,1100000,178,5,0,0,0,0,0.0,0,8,50,0,0.0,0,0.0,14,107,6.428566836737974,1,5,1,22,2737,4,25,0,0,0,0,1,0,0,0,0,Music
AoMcirhIqH4,415742,1700,8334,5,0,0,1,1,0.899999550000225,4,18,97,4,0.2222220987655007,1,0.899999550000225,18,97,4.333330925927264,3,15,1,16,41,9,11,0,0,0,0,0,1,0,0,0,Music
rQBTZWCOU8I,470549,2100,6784,5,0,0,1,0,0.0,2,15,92,2,0.1333332444445037,1,0.0,19,115,4.999997368422438,3,17,2,26,27,9,25,0,0,0,0,0,1,0,0,0,Music
AWDB1lGuCFk,70659,266,189,5,0,0,0,0,0.15789465373965592,2,15,86,0,0.0,0,0.09090900826453795,6,52,6.999988333352778,2,11,2,24,7,10,15,0,0,0,0,1,0,0,0,0,Music
GodmYPfMaio,2801985,89000,213,5,0,0,0,0,0.0,0,9,51,0,0.0,0,0.0,6,31,3.999993333344445,2,10,1,3,1,10,21,0,0,0,1,0,0,0,0,0,Music
ThkrLRy_KyY,1145562,3900,5326,5,0,0,1,1,0.7222218209878772,4,16,96,1,0.06249996093752441,1,0.0,19,115,4.999997368422438,3,17,2,26,62,8,21,0,0,0,0,0,1,0,0,0,Music
rV4iG4nn5Iw,5311226,50000,340,5,0,0,1,0,0.0,1,10,65,0,0.0,0,0.03225805411030513,25,152,4.839998064000774,2,8,1,33,61,8,22,0,1,0,0,0,0,1,0,0,Music
756YdTT-WJ0,73219034,393000,15,5,0,0,0,0,0.09090900826453795,0,9,63,0,0.0,0,0.0,5,54,9.99998000004,3,25,1,13,166,5,9,0,1,0,0,0,0,1,0,0,Music
c6DOQ1i5KRU,33155208,151000,285,5,0,1,0,0,0.0,0,11,64,0,0.0,0,0.03448274673008733,29,175,5.068963769322838,3,17,1,8,1040,12,17,0,0,0,0,0,0,0,1,0,Music
MVDJxMxzTL0,106388326,542000,145,5,0,0,0,0,0.0,0,8,49,0,0.0,0,0.0,11,58,4.363632396697821,2,12,1,19,747,10,6,0,1,0,0,0,0,1,0,0,Music
8gy-Y9tWK6M,11337351,162000,155,5,0,0,0,0,0.0,0,6,34,0,0.0,0,0.1818180165290759,10,51,4.0999959000041,1,5,1,32,72,8,11,0,0,1,0,0,0,0,0,0,Music
14PLRhIEAy8,35962979,250000,238,5,0,0,0,0,0.0,2,4,35,0,0.0,0,0.0,7,66,8.285702448996503,1,7,1,33,133,6,11,0,0,0,0,1,0,0,0,0,Music
RGW5nMfZpp4,7986987,37000,246,5,0,0,1,0,0.0,0,9,71,0,0.0,0,0.0,25,182,5.959997616000954,3,16,1,21,89,7,25,0,1,0,0,0,0,1,0,0,Music
VTbo8E8es9A,41293676,241000,227,5,0,0,0,0,0.0,0,5,33,0,0.0,0,0.0,20,119,4.99999750000125,1,6,1,35,125,6,19,0,0,0,0,0,1,0,0,0,Music
y4lbxocj0Cg,21154811,237000,182,5,0,0,0,0,0.0,0,9,53,0,0.0,0,0.03571427295918823,27,161,4.925924101509592,1,15,1,25,206,3,30,0,1,0,0,0,0,0,0,1,Music
T3D7dlXry7s,148648304,627000,127,5,0,0,0,0,0.0,0,11,76,0,0.0,0,0.0,24,135,4.666664722223032,2,14,2,10,572,3,29,0,1,0,0,0,0,1,0,0,Music
20PlxmdUU6E,30087717,39000,229,5,0,0,0,0,0.0,0,14,79,0,0.0,0,0.030303021120296626,33,178,4.393938062443011,3,13,1,16,46,9,6,0,0,0,0,0,0,0,1,0,Music
oIv_Y2RPQ_A,13014936,147000,201,5,0,0,0,0,0.16666638888935187,0,5,23,0,0.0,0,0.0,11,68,5.181813471078663,2,11,1,22,68,8,15,0,1,0,0,0,0,1,0,0,Music
uiaipIsX8g0,21093073,364000,167,5,0,0,0,0,0.0,0,15,88,0,0.0,0,0.0,14,76,4.499996785716582,1,7,2,19,60,8,23,0,0,0,0,0,0,0,1,0,Music
zABLecsR5UE,1147223822,10000000,185,5,0,0,0,0,0.0,0,5,32,0,0.0,0,0.0,10,87,7.7999922000078,2,13,1,26,2246,8,29,0,0,0,0,0,1,0,0,0,Music
Vd09-_G_tD0,23336038,66000,129,5,0,0,1,0,0.0,0,6,33,0,0.0,0,0.0,18,97,4.388886450618639,2,12,1,12,54,8,29,0,1,0,0,0,0,1,0,0,Music
Ug_pv5-r1js,215985968,993000,345,5,0,0,0,0,0.0,0,11,65,0,0.0,0,0.0,38,205,4.42105146814435,2,14,1,20,104,7,10,0,0,0,0,0,1,0,0,0,Music
3ihtcnPwkqI,1354423,5300,3875,5,0,0,1,1,0.0,2,13,76,1,0.07692301775152481,1,0.0,42,277,5.595236763038866,2,14,1,19,57,8,26,0,0,0,1,0,0,0,0,0,Music
AF0h_XxxZ4I,1259078,5200,6459,5,0,0,1,0,0.0,0,15,98,2,0.1333332444445037,1,0.013698628260461882,73,466,5.397259534621981,2,11,1,19,87,7,27,0,1,0,0,0,0,0,0,1,Music
4Ubn51w6Ino,7929631,27000,4509,5,0,0,1,1,0.21428556122459913,8,14,91,2,0.1428570408163994,1,0.17241373365043666,27,187,5.740738614541254,2,16,1,20,160,5,15,0,0,0,0,0,1,0,0,0,Music
uM3Bjbskv48,15344887,134000,60,5,0,0,1,0,0.0499999750000125,0,14,90,0,0.0,0,0.15789465373965592,17,125,6.294113944638856,2,15,1,25,63,8,20,0,0,0,0,1,0,0,0,0,Music
5dRdgx-fYLs,5528509,32000,149,5,0,0,1,0,0.21428556122459913,1,12,72,0,0.0,0,0.33333314814825105,17,138,7.058819377165072,2,14,1,13,877,5,29,0,0,1,0,0,0,0,0,0,Music
3rS83uI0Wak,6185163,299000,205,5,0,0,0,0,0.4166663194447338,0,11,64,0,0.0,0,0.8333326388894676,10,52,4.0999959000041,1,8,1,8,48,9,4,0,0,0,0,0,1,0,0,0,Music
Iewn4zANODE,1844767,45000,129,5,0,0,1,0,0.16666638888935187,2,5,30,0,0.0,0,0.08333326388894677,9,68,6.444437283958574,1,6,1,28,11,10,11,0,0,0,0,0,0,0,1,0,Music
7ASDkhsV2uA,2518546,28000,270,5,0,0,1,0,0.0,0,10,75,0,0.0,0,0.0,11,82,5.818176528930429,3,17,1,26,75,8,8,0,1,0,0,0,0,1,0,0,Music
dY8_NUb2o68,60177,479,3755,5,0,0,1,0,0.15789465373965592,3,18,96,1,0.055555524691375174,1,0.0599999880000024,44,251,4.409089907025021,4,20,1,28,1,10,21,0,0,0,1,0,0,0,0,0,Music
Kc_e67BHC_w,199403,2200,6,5,0,0,1,0,0.055555524691375174,0,16,89,0,0.0,0,0.03124999023437805,32,181,4.656248544922329,1,7,2,18,1,10,21,0,0,0,1,0,0,0,0,0,Music
NCkIbF6OhGs,4108078,154000,179,5,0,0,0,0,0.0,0,6,37,0,0.0,0,0.0,8,58,6.3749920312599615,1,7,1,20,9,10,13,0,0,1,0,0,0,0,0,0,Music
rkCgoGn4Ivw,671909,2000,3543,5,0,0,1,1,0.0,6,14,92,1,0.0714285204081997,1,0.0,32,242,6.437497988281878,3,21,1,3,159,5,16,0,1,0,0,0,0,1,0,0,Music
AWDB1lGuCFk,70678,266,189,5,0,0,0,0,0.15789465373965592,2,15,86,0,0.0,0,0.09090900826453795,6,52,6.999988333352778,2,11,2,24,7,10,15,0,0,0,0,1,0,0,0,0,Music
aYkwaAvg7zY,22800739,48000,255,5,0,0,0,0,0.0999999000001,0,9,60,0,0.0,0,0.0,14,82,4.92856790816578,2,17,1,35,228,3,8,0,0,0,0,0,0,0,1,0,Music
GdRdp11m-aQ,2723828,21000,6,5,0,0,1,0,0.0,0,9,64,0,0.0,0,0.0,13,98,5.999995384618935,2,13,1,26,102,7,12,0,0,0,0,0,0,0,1,0,Music
SeHTba9igVQ,546424,11000,4567,5,0,0,1,1,0.0,2,14,93,2,0.1428570408163994,1,0.0,17,150,7.705877820071871,2,11,1,19,65,8,18,0,0,1,0,0,0,0,0,0,Music
-rsZ06q8YSs,9292,443,5696,5,0,0,0,0,0.49999950000050003,1,9,51,2,0.22222197530891633,1,0.0,22,160,6.227269896695502,3,16,1,23,1,10,21,0,0,0,1,0,0,0,0,0,Music
1-mo8CIFsEM,3518045,17000,4265,5,0,0,1,0,0.1333332444445037,0,14,86,0,0.0,0,0.08333329861112558,21,131,4.999997619048753,2,13,1,23,88,7,26,0,0,0,0,0,0,0,1,0,Music
neOasLBWoy0,43733894,243000,185,5,0,0,0,0,0.05263155124655198,0,12,93,0,0.0,0,0.05263155124655198,18,127,5.999996666668519,2,6,1,25,41,9,11,0,0,0,0,0,1,0,0,0,Music
jpZC476jE7c,22118325,195000,305,5,0,0,0,0,0.0714285204081997,0,12,74,0,0.0,0,0.0,7,31,3.571423469395044,2,13,1,37,56,8,27,0,0,0,0,1,0,0,0,0,Music
oXJXNLVEZUc,309457,20000,191,5,0,0,0,0,0.0,0,9,47,0,0.0,0,0.0,11,61,4.4545414049623595,2,11,1,29,2,10,20,0,0,1,0,0,0,0,0,0,Music
pCv0oP9JLKw,729091,24000,179,5,0,0,1,0,0.0,0,7,49,0,0.0,0,0.0,16,125,6.749995781252637,2,13,2,3,2,10,20,0,0,1,0,0,0,0,0,0,Music
xlwiqNf1Soo,121052,8300,628,5,0,0,1,0,0.0,0,5,42,0,0.0,0,0.0,18,122,5.777774567903018,2,14,1,3,5,10,17,0,1,0,0,0,0,1,0,0,Music
iN79dWKuA3o,2676392,12000,2038,5,0,0,1,1,0.7142853741498219,4,16,93,2,0.12499992187504883,1,0.7142853741498219,16,93,4.624997109376807,3,16,1,1,121,6,23,0,0,1,0,0,0,0,0,0,Music
izbydia9jz4,105288987,609000,6,5,0,0,0,0,0.0,0,13,93,0,0.0,0,0.1428570408163994,11,81,6.18181256198858,3,16,1,19,189,4,16,0,0,0,0,1,0,0,0,0,Music
VYUHabpY7ks,1634526,12000,781,5,0,0,1,0,0.6363630578517656,0,9,59,0,0.0,0,0.0,4,47,10.99997250006875,1,4,1,33,24,9,28,0,1,0,0,0,0,0,0,1,Music
LXXkiUKDK4w,265196904,1700000,8335,2,0,0,0,0,0.0,0,9,69,0,0.0,0,0.025641019066405365,39,201,4.179486107824075,2,10,2,24,4044,9,26,0,1,0,0,0,0,1,0,0,Entertainment
smLNCbYNQP4,58734351,393000,15,2,0,0,1,0,0.0,0,10,72,0,0.0,0,0.020408159100375693,47,261,4.510637338162268,2,10,2,23,1481,10,2,0,0,0,0,0,0,0,1,0,Entertainment
21bCrsGt050,9450198,83000,203,2,0,0,1,0,0.0,0,7,49,0,0.0,0,0.0,4,30,5.9999850000375,1,4,1,45,722,10,31,0,0,0,1,0,0,0,0,0,Entertainment
FF---X_todc,236347,10000,693,2,0,0,1,1,0.12499992187504883,1,12,76,0,0.0,0,0.39999920000160005,2,4,0.9999950000249999,2,17,5,28,16,10,6,0,0,1,0,0,0,0,0,0,Entertainment
iUzrWSaiSTc,517344,19000,648,2,0,0,1,1,0.19999986666675557,9,13,84,0,0.0,0,0.0,5,45,8.1999836000328,2,17,5,14,69,8,14,0,0,0,0,0,1,0,0,0,Entertainment
zHC0EwPF074,19521378,96000,2613,2,0,0,0,0,0.0,0,13,90,0,0.0,0,0.0,16,126,6.624995859377588,2,13,3,19,789,8,25,0,1,0,0,0,0,1,0,0,Entertainment
Z5-zT3QD_MI,755076,36000,893,2,0,0,1,0,0.0,0,11,86,0,0.0,0,0.0,61,385,5.327867979038036,2,20,1,20,40,9,12,0,1,0,0,0,0,1,0,0,Entertainment
eFDyhXo65DA,84740,1600,3210,2,1,0,0,0,0.0,0,4,20,0,0.0,0,0.0399999840000064,25,139,4.5999981600007365,4,25,2,8,8,10,14,0,0,0,1,0,0,0,0,0,Entertainment
H7UwSlW4G_U,6012916,29000,2613,2,0,0,0,0,0.0,0,13,87,0,0.0,0,0.0,16,123,6.624995859377588,1,7,1,19,783,8,31,0,0,0,0,0,1,0,0,0,Entertainment
oo8VgjCkUVE,20005622,189000,897,2,0,0,0,0,0.0,0,13,95,0,0.0,0,0.0,113,588,4.212389007753185,2,13,3,30,2850,1,2,0,0,0,1,0,0,0,0,0,Entertainment
wS-0khMzOOg,517737,11000,980,2,0,0,0,0,0.06249996093752441,0,16,92,0,0.0,0,0.027397256520923764,71,408,4.732393699662859,2,21,5,3,33,9,19,0,1,0,0,0,0,1,0,0,Entertainment
luRbeO6yRAY,27429562,116000,901,2,0,0,1,0,0.0,0,9,64,1,0.11111098765445816,1,0.0,25,182,6.199997520000992,2,13,3,28,3683,9,22,0,0,0,1,0,0,0,0,0,Entertainment
f92Pa3DWsaw,13706282,105000,203,2,0,0,0,0,0.0,0,10,73,0,0.0,0,0.1923076183432237,25,164,5.519997792000884,2,13,1,30,2267,8,8,0,0,0,0,0,1,0,0,0,Entertainment
WuzP5CHh0BE,10457477,60000,30,2,0,0,0,0,0.0,0,12,92,0,0.0,0,0.0,12,84,5.999995000004167,2,15,1,5,845,6,30,0,1,0,0,0,0,1,0,0,Entertainment
TDnaqQesFHI,109429,2300,1352,2,0,0,0,0,0.39999920000160005,0,5,41,0,0.0,0,0.9999991666673611,12,78,5.583328680559433,4,25,2,7,14,10,8,0,0,0,0,1,0,0,0,0,Entertainment
Vu4jlm4jrug,2906638,16000,229,2,0,0,1,0,0.0,0,9,65,0,0.0,0,0.0,11,79,5.909085537194966,2,17,2,27,1209,7,1,0,1,0,0,0,0,1,0,0,Entertainment
CS0cQlbrZK0,1299586,12000,185,2,0,0,0,0,0.0,0,2,13,0,0.0,0,0.16666657407412552,14,101,5.928567193880576,2,12,1,6,2504,12,14,0,1,0,0,0,0,1,0,0,Entertainment
bYpGVU1WRRo,565597,7600,3205,2,0,0,0,0,0.058823494809708936,0,10,69,0,0.0,0,0.03448274673008733,19,162,6.999996315791413,2,14,2,24,20,10,2,0,0,0,0,0,1,0,0,0,Entertainment
FlX4mdtJd40,1699397,45000,425,2,0,0,1,0,0.16666652777789354,8,8,54,0,0.0,0,0.0,5,45,8.1999836000328,2,17,5,12,577,3,24,0,1,0,0,0,0,0,0,1,Entertainment
aVYFDnyMq44,1840601,46000,1328,2,0,0,0,0,0.0,0,11,77,0,0.0,0,0.0,42,286,5.380951099773547,3,23,5,24,10,10,12,0,1,0,0,0,0,0,0,1,Entertainment
r04VK7Z9Rns,3169316,18000,1233,2,0,0,0,0,0.0,0,9,63,0,0.0,0,0.0,40,252,5.274998681250329,2,14,1,19,204,4,1,0,0,0,1,0,0,0,0,0,Entertainment
5wx5I90vgQU,2642606,50000,1399,2,0,0,0,0,0.0,0,12,81,0,0.0,0,0.0,52,337,5.076922100591903,3,23,5,23,21,10,1,0,0,0,0,1,0,0,0,0,Entertainment
wLjwomkBwH8,588640,34000,96,2,0,1,0,0,0.15384603550304962,0,11,71,1,0.09090900826453795,1,0.0,19,146,6.736838559558653,2,17,3,12,8,10,14,0,0,0,1,0,0,0,0,0,Entertainment
1B2chg2Txfc,510925,30000,31,2,0,1,1,0,0.0,0,13,80,0,0.0,0,0.0,22,144,5.590906549587932,2,17,3,12,20,10,2,0,0,0,0,0,1,0,0,0,Entertainment
Lbin1luRwEo,2233297,16000,212,2,0,0,0,0,0.0,0,10,84,0,0.0,0,0.0,10,70,5.999994000006001,2,17,2,19,1184,7,26,0,0,0,1,0,0,0,0,0,Entertainment
B4QSkMwIhzw,304889,3900,15,2,0,0,1,0,0.07692301775152481,0,9,65,0,0.0,0,0.0,32,171,4.374998632812927,2,17,2,13,57,8,26,0,0,0,1,0,0,0,0,0,Entertainment
_Ur1EIh1QTE,209649,697,114,2,0,0,1,0,0.0,0,12,72,1,0.08333326388894677,1,0.0,30,177,4.933331688889437,2,21,5,4,6,10,16,0,0,0,0,0,1,0,0,0,Entertainment
bYpGVU1WRRo,565597,7600,3205,2,0,0,0,0,0.058823494809708936,0,10,69,0,0.0,0,0.03448274673008733,19,162,6.999996315791413,2,14,2,24,20,10,2,0,0,0,0,0,1,0,0,0,Entertainment
aVYFDnyMq44,1840601,46000,1328,2,0,0,0,0,0.0,0,11,77,0,0.0,0,0.0,42,286,5.380951099773547,3,23,5,24,10,10,12,0,1,0,0,0,0,0,0,1,Entertainment
3Qs27yv0OZY,583113,1000,114,2,0,0,0,0,0.0,0,13,90,0,0.0,0,0.017543856571253232,57,323,4.684209704524613,2,21,5,3,6,10,16,0,0,0,0,0,1,0,0,0,Entertainment
vb7LrUppFu0,371629,19000,858,2,0,0,0,1,0.9999987500015626,1,8,37,1,0.12499984375019532,1,0.0,11,102,8.181810743808414,3,28,1,13,18,10,4,0,0,0,0,0,0,0,1,0,Entertainment
Tp8DI10Y8qE,2035601,6400,517,2,0,0,1,1,0.0,2,17,99,2,0.11764698961941787,1,0.0,20,124,5.249997375001312,3,9,2,23,17,10,5,0,1,0,0,0,0,0,0,1,Entertainment
m4_gFxnlsQ8,1216934,6900,2034,2,0,0,1,0,0.0714285204081997,0,11,69,0,0.0,0,0.0,35,185,4.285713061224839,2,17,2,13,92,7,22,0,0,0,1,0,0,0,0,0,Entertainment
wLjwomkBwH8,588692,34000,96,2,0,1,0,0,0.15384603550304962,0,11,71,1,0.09090900826453795,1,0.0,19,146,6.736838559558653,2,17,3,12,8,10,14,0,0,0,1,0,0,0,0,0,Entertainment
GbceNnJ1s-Q,520947,1900,81,2,0,0,0,0,0.0,0,10,68,0,0.0,0,0.0,78,464,4.961537825443869,2,21,5,3,14,10,8,0,0,0,0,1,0,0,0,0,Entertainment
JnrzU7KriFE,830744,16000,491,2,0,0,0,0,0.16666638888935187,0,5,36,0,0.0,0,0.0,5,63,11.799976400047202,2,16,1,23,224,3,12,0,0,0,0,1,0,0,0,0,Entertainment
XdIoYGYRxw4,2543481,14000,74,2,0,0,0,0,0.0,0,10,73,0,0.0,0,0.0270270197224271,37,200,4.432431234478044,2,21,5,2,93,7,21,0,0,1,0,0,0,0,0,0,Entertainment
GpjPKRyWh9c,2749715,64000,1255,2,0,0,0,0,0.0,0,10,67,0,0.0,0,0.0,42,286,5.428570136054729,3,23,5,22,30,9,22,0,0,1,0,0,0,0,0,0,Entertainment
7ohaW5qpyMM,322175,8900,1046,2,0,1,0,0,0.9999990909099173,0,11,74,0,0.0,0,0.07692301775152481,10,105,7.9999920000080005,2,18,4,32,4,10,18,0,0,0,0,0,0,0,1,0,Entertainment
QfTgfJOo7zE,2123123,44000,1395,2,0,0,1,0,0.0,0,12,81,0,0.0,0,0.0,26,182,5.153844171598395,3,23,5,25,71,8,12,0,0,0,1,0,0,0,0,0,Entertainment
R99Bn5H7-lY,806648,22000,1119,2,0,1,0,0,0.9230762130182977,0,12,70,0,0.0,0,0.11111098765445816,7,78,8.85713020409971,2,18,4,32,8,10,14,0,0,0,1,0,0,0,0,0,Entertainment
1FIw1a174sc,327997,6400,1169,2,0,1,1,0,0.9999990909099173,0,11,75,0,0.0,0,0.07692301775152481,10,105,7.9999920000080005,2,18,4,32,11,10,11,0,0,0,0,0,0,0,1,0,Entertainment
6B2MErtYmvM,3130,177,1826,2,0,0,0,0,0.0,0,11,78,0,0.0,0,0.0,7,64,7.428560816341691,4,23,1,19,28,9,24,0,0,0,0,1,0,0,0,0,Entertainment
4AByNb4KSqM,57056,2700,1530,2,0,0,1,0,0.1999998000002,0,8,49,0,0.0,0,0.1999998000002,8,49,4.999993750007813,2,17,1,31,17,10,5,0,1,0,0,0,0,0,0,1,Entertainment
3U4P-uuQFEA,1893578,64000,981,2,0,0,0,0,0.9999988888901234,0,9,48,0,0.0,0,0.06666662222225185,14,94,5.714281632655977,2,18,4,32,200,4,5,0,0,0,0,0,0,0,1,0,Entertainment
ge-Gm9wCUb4,174362,7800,30,2,0,0,1,0,0.1428570408163994,0,12,76,0,0.0,0,0.24999968750039064,7,47,5.571420612256269,2,17,5,24,46,9,6,0,0,0,0,0,0,0,1,0,Entertainment
yBRGsJNX9vI,191435,12000,178,2,0,0,1,0,0.11764698961941787,0,12,84,0,0.0,0,0.10526310249310396,14,100,5.714281632655977,2,16,1,24,25,9,27,0,0,0,0,0,0,0,1,0,Entertainment
zlou_fmbVfk,50908,612,42,2,0,0,1,0,0.1333332444445037,1,12,74,0,0.0,0,0.0810810591672813,30,222,6.0999979666673445,3,22,1,24,13,10,9,0,0,0,0,0,1,0,0,0,Entertainment
Fqy_N3tNQIE,584448,24000,476,2,0,0,1,0,0.06666662222225185,0,12,73,0,0.0,0,0.24999968750039064,7,47,5.571420612256269,2,17,5,25,140,6,4,0,0,0,0,1,0,0,0,0,Entertainment
ejmZ_B-oyko,340641,6800,894,2,0,0,1,0,0.9230762130182977,0,13,94,0,0.0,0,0.6315786149586237,18,139,6.666662962965021,2,7,1,3,28,9,24,0,0,0,0,1,0,0,0,0,Entertainment
mnSZEmTa_qY,115927,946,1345,4,0,0,1,0,0.3333331746032502,1,19,89,0,0.0,0,0.30434769376187226,20,102,3.9499980250009874,1,6,1,26,41,9,11,0,0,0,0,0,1,0,0,0,Gaming
8Up6vhk2Gqk,265681,11000,2938,4,0,1,1,0,0.0999999000001,1,9,59,0,0.0,0,0.05263156971375969,55,334,5.07272635041339,2,13,1,16,11,10,11,0,0,0,0,0,0,0,1,0,Gaming
Z-BJqO1nUSQ,2110475,11000,1203,4,0,1,0,0,0.1999998000002,0,10,49,0,0.0,0,0.30769207100609924,13,72,4.538458047339963,3,16,2,7,25,9,27,0,0,0,0,0,0,0,1,0,Gaming
6UP-wJtBj6s,2990491,58000,7161,4,0,0,0,0,0.12499984375019532,0,8,39,0,0.0,0,0.0714285204081997,12,123,8.916659236117303,1,6,1,10,97,7,17,0,0,0,0,0,1,0,0,0,Gaming
jdmPSjon6w4,40060495,492000,1603,4,0,0,0,0,0.2857138775516035,0,7,37,0,0.0,0,0.07692304733728948,26,149,4.730767411243304,1,6,1,18,235,3,1,0,0,0,0,0,0,0,1,0,Gaming
PK9yFK5fAZ0,350397,8900,1883,4,0,0,1,1,0.07692301775152481,3,11,74,0,0.0,0,0.6086953875237445,20,139,5.79999710000145,2,14,3,9,21,10,1,0,0,0,0,1,0,0,0,0,Gaming
d3hJGSKKC_I,9221403,172000,612,4,0,0,1,0,0.14285693877580175,0,7,32,0,0.0,0,0.16666638888935187,5,56,10.1999796000408,2,11,1,10,754,9,29,0,1,0,0,0,0,1,0,0,Gaming
-_XI0TpgSIw,19459,680,1578,4,0,1,1,1,0.33333305555578707,2,10,59,2,0.1999998000002,1,0.2916666059027904,45,235,4.15555463209897,2,10,1,31,1,10,21,0,0,0,1,0,0,0,0,0,Gaming
q37xeWYmzXM,4572,85,1787,4,0,0,1,0,0.12499992187504883,0,14,83,0,0.0,0,0.04878047590720099,39,220,4.564101393820155,2,12,1,11,1,10,21,0,0,0,1,0,0,0,0,0,Gaming
3Vr5pEnmY20,1201245,45000,3018,4,0,1,0,0,0.0,0,7,46,0,0.0,0,0.11111098765445816,8,59,6.249992187509766,2,9,1,26,9,10,13,0,0,1,0,0,0,0,0,0,Gaming
jQ7Nn-ZQzyI,383496,11000,1337,4,0,1,1,1,0.8749989062513672,5,8,41,1,0.12499984375019532,1,0.02499999375000156,37,222,4.972971628926587,2,14,3,23,11,10,11,0,0,0,0,0,0,0,1,0,Gaming
cLxOABXI5Fo,484149,22000,10799,4,0,0,1,0,0.11111104938275035,0,16,87,3,0.18749988281257324,1,0.08695648393196351,19,106,4.473681855956918,2,12,3,12,132,6,12,0,0,0,0,0,1,0,0,0,Gaming
9jRcRJYmp1k,6638457,59000,233,4,0,0,1,0,0.0,2,4,19,0,0.0,0,0.030303021120296626,31,166,4.322579250780887,2,11,1,21,558,4,12,0,1,0,0,0,0,1,0,0,Gaming
2j1uvpdiuec,6306367,73000,621,4,0,0,0,0,0.33333277777870374,3,6,30,0,0.0,0,0.583333090277879,21,173,6.904758616781611,1,10,3,21,13,10,9,0,0,0,0,0,1,0,0,0,Gaming
jVtpyCxekg0,1455562,11000,1028,4,0,0,0,0,0.16666638888935187,3,6,35,0,0.0,0,0.583333090277879,21,173,6.904758616781611,1,10,3,19,15,10,7,0,0,0,1,0,0,0,0,0,Gaming
ya7R20_R4zY,93068,2100,1015,4,0,0,0,0,0.4285708163274053,0,7,32,0,0.0,0,0.21428556122459913,13,90,5.692303313612836,3,16,1,15,4,10,18,0,0,0,0,0,0,0,1,0,Gaming
NQwtip_DDxs,188666,2900,1694,4,0,1,0,0,0.0,2,7,37,0,0.0,0,0.0,7,81,9.999985714306122,2,9,1,5,6,10,16,0,0,0,0,0,1,0,0,0,Gaming
UXZVdCf3BvY,415239,10000,1431,4,0,1,1,0,0.4285708163274053,0,7,48,0,0.0,0,0.24999979166684028,12,87,6.249994791671007,2,14,3,17,7,10,15,0,0,0,0,1,0,0,0,0,Gaming
PP2Uvesx4ls,2535093,21000,7235,4,0,0,1,0,0.12499992187504883,0,14,77,2,0.1428570408163994,1,0.13636357438019348,18,100,4.4444419753100135,2,12,3,17,462,7,17,0,0,0,0,1,0,0,0,0,Gaming
_PLfNv48qX0,36388,1100,2436,4,0,1,0,0,0.16666652777789354,0,11,70,1,0.09090900826453795,1,0.0,38,230,5.052630249307828,2,9,1,12,4,10,18,0,0,0,0,0,0,0,1,0,Gaming
W7Ze2PRpeqo,162292,14000,1098,4,0,0,1,0,0.11111098765445816,0,8,40,1,0.12499984375019532,1,0.07692301775152481,10,70,5.5999944000056,2,14,1,24,1,10,21,0,0,0,1,0,0,0,0,0,Gaming
iNXvxe8rsyQ,2098254,17000,6,4,0,0,0,0,0.22222197530891633,1,9,45,0,0.0,0,0.0499999750000125,20,126,5.349997325001338,1,12,1,23,158,5,17,0,0,0,0,0,0,0,1,0,Gaming
vLMZkLafVlM,182872,4600,1685,4,0,0,1,0,0.11111098765445816,0,9,41,1,0.11111098765445816,1,0.099999950000025,20,102,4.0999979500010255,2,12,1,11,21,10,1,0,0,0,0,1,0,0,0,0,Gaming
Wio-ld4jSqA,129134,4600,1443,4,0,0,0,0,0.44444395061783265,2,9,51,0,0.0,0,0.4999991666680556,6,61,9.166651388914353,2,11,2,13,5,10,17,0,1,0,0,0,0,1,0,0,Gaming
ticD5RiYKIk,2101718,54000,883,4,0,0,0,0,0.24999968750039064,0,7,44,0,0.0,0,0.0,10,75,6.1999938000062,1,8,1,6,70,8,13,0,0,0,0,1,0,0,0,0,Gaming
PP2Uvesx4ls,2535093,21000,7235,4,0,0,1,0,0.12499992187504883,0,14,77,2,0.1428570408163994,1,0.13636357438019348,18,100,4.4444419753100135,2,12,3,17,462,7,17,0,0,0,0,1,0,0,0,0,Gaming
5EW2II74t4c,1027133,12000,1112,4,0,1,1,0,0.1999998000002,0,10,51,1,0.0999999000001,1,0.2999997000003,10,57,4.699995300004701,3,16,2,7,14,10,8,0,0,0,0,1,0,0,0,0,Gaming
VtgHHWHViYc,113578,2000,1802,4,0,0,0,0,0.24999968750039064,2,8,47,0,0.0,0,0.029411756055365862,32,163,4.093748720703524,1,6,1,2,56,8,27,0,0,0,0,1,0,0,0,0,Gaming
hy6xRkTD_o4,690524,3800,1100,4,0,0,0,0,0.8888879012356653,0,8,58,0,0.0,0,0.8888879012356653,8,58,6.249992187509766,2,12,1,23,39,9,13,0,0,0,0,0,0,0,1,0,Gaming
79_j6mYwhi4,217238,12000,11933,4,0,0,0,1,0.6363633471075695,14,16,84,1,0.06249996093752441,1,0.6153843786983159,19,128,5.31578667590175,2,14,2,32,4,10,18,0,0,0,0,0,0,0,1,0,Gaming
ctEkGyGkuF0,257865,11000,12467,4,0,0,1,1,0.49999964285739795,12,9,72,1,0.11111098765445816,1,0.49999972222237654,12,117,7.833326805560995,2,14,2,32,8,10,14,0,0,0,1,0,0,0,0,0,Gaming
dYt7N5262r8,845031,20000,10277,4,0,1,0,0,0.4999991666680556,2,6,33,0,0.0,0,0.14285693877580175,7,55,6.999990000014286,1,10,3,20,5,10,17,0,1,0,0,0,0,1,0,0,Gaming
DCWoMV6Bbrw,150374,12000,3677,4,0,0,1,0,0.7692301775152481,0,11,66,1,0.09090900826453795,1,0.0,4,31,5.9999850000375,2,9,2,17,7,10,15,0,0,0,0,1,0,0,0,0,Gaming
oMHWcfIYsX4,216528,14000,685,4,0,0,0,0,0.0714285204081997,0,13,66,0,0.0,0,0.01562499755859413,64,355,4.562499287109486,3,19,1,12,97,7,17,0,0,0,0,0,1,0,0,0,Gaming
moiLHKi2Hi0,1516800,15000,2868,4,0,0,0,0,0.9999975000062501,2,4,21,0,0.0,0,0.18749988281257324,14,118,7.3571376020445705,1,6,1,26,18,10,4,0,0,0,0,0,0,0,1,0,Gaming
nW7HkdaQsa0,1609074,16000,1016,4,0,1,0,0,0.1999998000002,0,9,54,0,0.0,0,0.0,13,79,5.076919171600637,2,11,2,2,6,10,16,0,0,0,0,0,1,0,0,0,Gaming
55zbM00e5NE,2659505,14000,499,4,0,0,0,0,0.8333319444467593,0,6,36,0,0.0,0,0.41025630506248584,39,213,4.461537317554534,1,5,1,13,70,8,13,0,0,0,0,1,0,0,0,0,Gaming
gj9ECHpF5-8,1135161,19000,1595,4,0,1,0,0,0.9999985714306123,1,7,44,0,0.0,0,0.09999996666667778,30,170,4.666665111111629,1,7,1,4,6,10,16,0,0,0,0,0,1,0,0,0,Gaming
vx-g5H9yGRc,461548,14000,1324,4,0,1,0,1,0.09090900826453795,8,8,52,1,0.12499984375019532,1,0.0,9,57,5.222216419759534,2,11,1,25,47,9,5,0,1,0,0,0,0,1,0,0,Gaming
RyNcNj-Y9YE,382420,14000,1624,4,0,0,1,0,0.2857138775516035,0,7,32,0,0.0,0,0.07692304733728948,25,145,4.7599980960007615,3,17,1,27,9,10,13,0,0,1,0,0,0,0,0,0,Gaming
tjY8YbZLxTY,2127131,29000,1213,4,0,0,1,0,0.0,0,9,57,1,0.11111098765445816,1,0.0,14,83,4.642853826532981,2,11,2,2,15,10,7,0,0,0,1,0,0,0,0,0,Gaming
Is2b24Bu6KY,725717,41000,1115,4,0,0,0,1,0.7499981250046875,4,3,20,0,0.0,0,0.6153843786983159,23,146,5.217389035917811,2,11,1,21,6,10,16,0,0,0,0,0,1,0,0,0,Gaming
Fy45wAOTzgU,526452,5300,1569,4,0,0,1,0,0.12499984375019532,0,8,38,0,0.0,0,0.06896550535077493,56,317,4.642856313775658,1,13,1,32,29,9,23,0,0,0,1,0,0,0,0,0,Gaming
7reGlCffoY0,27436,451,1013,4,0,1,1,0,0.4166663194447338,0,12,58,1,0.08333326388894677,1,0.03636362975206731,55,284,4.181817421487741,2,11,1,15,9,10,13,0,0,1,0,0,0,0,0,0,Gaming
4tMkDxxElM4,719855,26000,688,4,0,1,0,0,0.2857138775516035,2,7,44,0,0.0,0,0.4999991666680556,6,61,9.166651388914353,2,11,2,13,6,10,16,0,0,0,0,0,1,0,0,0,Gaming
OLGrx-m-0iA,120245,1000,8665,0,0,0,1,0,0.0,0,9,56,0,0.0,0,0.0,15,81,4.399997066668623,5,28,1,31,10,10,12,0,1,0,0,0,0,0,0,1,Comedy
l_EmmeDnE94,75019,4600,910,0,0,0,0,0,0.0,1,6,50,0,0.0,0,0.07142854591837645,25,168,5.479997808000877,2,13,1,13,5,10,17,0,1,0,0,0,0,1,0,0,Comedy
OtPxvrPFwj4,946376,18000,1033,0,0,0,0,0,0.0,0,8,52,0,0.0,0,0.0,46,249,4.434781644612686,2,9,1,24,4,10,18,0,0,0,0,0,0,0,1,0,Comedy
9wQaPNKgdns,735295,14000,2719,0,0,0,1,0,0.0,0,6,34,0,0.0,0,0.0,0,0,0.0,2,14,1,28,7,10,15,0,0,0,0,1,0,0,0,0,Comedy
TaYkNP9x4q4,477825,18000,1558,0,1,0,1,0,0.0,0,8,41,0,0.0,0,0.0,8,73,8.124989843762696,3,18,1,18,5,10,17,0,1,0,0,0,0,1,0,0,Comedy
8jKhw0sGJtk,46337,1400,2458,0,0,0,0,0,0.0999999000001,0,9,47,1,0.11111098765445816,1,0.0,26,151,4.807690458580593,3,14,1,29,9,10,13,0,0,1,0,0,0,0,0,0,Comedy
_eQqsqz-tiM,312865,18000,1876,0,0,0,0,0,0.0,0,7,61,0,0.0,0,0.0,8,74,7.999990000012501,0,0,1,19,4,10,18,0,0,0,0,0,0,0,1,0,Comedy
5OVU9PRxsS4,1188109,23000,1019,0,0,0,1,0,0.1428570408163994,0,8,52,0,0.0,0,0.05263156509695655,27,184,5.3703683813450445,2,14,1,1,6,10,16,0,0,0,0,0,1,0,0,0,Comedy
GwzepMf41hU,209220,5000,901,0,0,0,1,0,0.0,0,10,54,0,0.0,0,0.0,30,181,4.833331722222759,4,13,1,28,1,10,21,0,0,0,1,0,0,0,0,0,Comedy
mDyRSI-vcJ4,978408,8500,1145,0,0,0,0,0,0.0,0,8,60,0,0.0,0,0.0,21,154,6.285711292518433,3,22,1,19,5,10,17,0,1,0,0,0,0,1,0,0,Comedy
FMSRwkaydYM,387741,19000,1404,0,0,0,0,1,0.0,4,7,40,0,0.0,0,0.0,7,40,4.714278979601458,3,20,2,1,6,10,16,0,0,0,0,0,1,0,0,0,Comedy
3N2qdApEn-A,4343309,19000,2339,0,0,0,0,1,0.06666662222225185,1,10,70,0,0.0,0,0.0,33,218,5.636361928375172,2,10,4,24,88,7,26,0,0,0,0,0,0,0,1,0,Comedy
Cc3Jb3tK4q8,57442879,88000,543,0,0,0,1,0,0.0,0,14,92,1,0.0714285204081997,1,0.0,29,153,4.310343341260917,2,9,1,43,140,6,4,0,0,0,0,1,0,0,0,0,Comedy
4SlC5iBsIVs,9250837,35000,911,0,0,0,1,0,0.07692301775152481,1,11,62,0,0.0,0,0.013333331555555793,73,403,4.506848697691959,1,16,1,4,32,9,20,0,0,0,0,0,0,0,1,0,Comedy
zjtK93DbB78,666534,3600,1672,0,0,1,0,0,0.0,0,13,88,1,0.07692301775152481,1,0.03921567858516106,51,379,6.431371287966414,3,16,1,20,74,8,9,0,0,0,0,0,0,0,1,0,Comedy
5gvigxqHZW4,8112624,82000,993,0,0,0,1,0,0.11111098765445816,0,6,33,0,0.0,0,0.11111098765445816,6,33,4.166659722233796,3,18,2,13,14,10,8,0,0,0,0,1,0,0,0,0,Comedy
My6QrKFL1n0,365991,2100,449,0,1,0,0,1,0.1333332444445037,4,6,52,0,0.0,0,0.055555540123461075,12,102,7.333327222227315,3,18,1,44,4,10,18,0,0,0,0,0,0,0,1,0,Comedy
KWGjNIf19Ic,3813456,68000,1281,0,0,0,1,0,0.0,0,6,38,0,0.0,0,0.0,18,128,5.666663518520267,2,18,5,23,36,9,16,0,0,0,1,0,0,0,0,0,Comedy
UKpTQ2AMcb0,2445657,6400,311,0,0,0,0,0,0.07692301775152481,0,11,66,1,0.09090900826453795,1,0.0,21,130,5.23809274376536,3,18,2,12,70,8,13,0,0,0,0,1,0,0,0,0,Comedy
QdnqiUvwpBI,104190,1900,488,0,0,0,1,0,0.0,0,8,60,1,0.12499984375019532,1,0.024390237953600496,39,249,5.307690946745911,1,15,1,31,2,10,20,0,0,1,0,0,0,0,0,0,Comedy
KoO2IGGksvA,210004,2100,1724,0,0,0,0,1,0.0,4,12,81,0,0.0,0,0.0,9,62,5.777771358031825,3,15,1,22,9,10,13,0,0,1,0,0,0,0,0,0,Comedy
lmgglCXD6y0,552584,2600,380,0,0,0,0,0,0.0,0,12,85,0,0.0,0,0.07142854591837645,28,152,4.42856984693934,2,13,1,27,40,9,12,0,1,0,0,0,0,1,0,0,Comedy
0UsHjCPpNxg,752335,4100,1661,0,0,0,0,0,0.058823494809708936,0,13,85,0,0.0,0,0.01960783929258053,47,269,4.638296885468748,1,3,1,23,14,10,8,0,0,0,0,1,0,0,0,0,Comedy
5gvigxqHZW4,8112624,82000,993,0,0,0,1,0,0.11111098765445816,0,6,33,0,0.0,0,0.11111098765445816,6,33,4.166659722233796,3,18,2,13,14,10,8,0,0,0,0,1,0,0,0,0,Comedy
Wg0u1TeR_a0,1445229,3800,3685,0,0,0,1,1,0.0,2,17,91,2,0.11764698961941787,1,0.0,18,101,4.555553024692764,3,11,1,13,79,8,4,0,0,1,0,0,0,0,0,0,Comedy
gV9tch59_n8,1501356,34000,2489,0,0,0,1,0,0.15789465373965592,0,17,95,0,0.0,0,0.0,8,47,4.749994062507422,2,9,1,18,16,10,6,0,0,1,0,0,0,0,0,0,Comedy
FMSRwkaydYM,387771,19000,1404,0,0,0,0,1,0.0,4,7,40,0,0.0,0,0.0,7,40,4.714278979601458,3,20,2,1,6,10,16,0,0,0,0,0,1,0,0,0,Comedy
eevVdDiAKTU,125066,6200,1535,0,0,0,1,1,0.0,1,5,28,0,0.0,0,0.033333322222225924,1,10,9.99990000099999,2,9,1,15,5,10,17,0,1,0,0,0,0,1,0,0,Comedy
gS_XjKGCxAQ,34495,3600,757,0,0,0,0,0,0.0,0,9,72,0,0.0,0,0.0,85,568,5.458822887197307,0,0,1,12,1,10,21,0,0,0,1,0,0,0,0,0,Comedy
fVFhToD_K1E,1511722,52000,2309,0,0,0,0,0,0.8181810743808415,0,9,51,0,0.0,0,0.0499999750000125,17,139,6.999995882355363,3,19,1,8,27,9,25,0,0,0,0,0,1,0,0,0,Comedy
e75vHesKLe0,1781466,36000,1279,0,0,0,0,1,0.0,4,4,39,0,0.0,0,0.0,4,39,7.749980625048438,2,15,1,19,4,10,18,0,0,0,0,0,0,0,1,0,Comedy
tAjHg3kx_Ww,2820604,5600,1292,0,0,0,1,1,0.0,4,16,88,2,0.12499992187504883,1,0.0,17,96,4.647056089967006,2,11,1,1,60,8,23,0,0,0,0,0,0,0,1,0,Comedy
Ynh2zKGfxfg,3227398,23000,295,0,0,0,0,0,0.07692301775152481,0,10,62,0,0.0,0,0.12499994791668836,18,115,4.777775123458265,2,18,5,20,58,8,25,0,0,1,0,0,0,0,0,0,Comedy
fjdlQlEBfy0,1825210,9700,731,0,0,0,1,0,0.2631577562327599,0,12,74,0,0.0,0,0.0,13,171,12.230759822492445,3,15,1,22,26,9,26,0,1,0,0,0,0,1,0,0,Comedy
YFdWRP9fTT8,477849,2700,248,0,0,0,0,1,0.09090900826453795,1,7,59,0,0.0,0,0.030303021120296626,33,204,5.21211963269102,2,10,4,24,91,7,23,0,0,0,0,1,0,0,0,0,Comedy
iAQzhFBAQkI,82602,1300,1594,0,0,0,0,0,0.4999996875001953,0,10,71,0,0.0,0,0.42105240997241583,13,92,5.769226331364361,3,18,1,24,4,10,18,0,0,0,0,0,0,0,1,0,Comedy
KWGjNIf19Ic,3813552,68000,1281,0,0,0,1,0,0.0,0,6,38,0,0.0,0,0.0,18,128,5.666663518520267,2,18,5,23,36,9,16,0,0,0,1,0,0,0,0,0,Comedy
xmD7Ei2VjLY,4182204,25000,2306,0,0,0,1,1,0.099999950000025,1,14,86,0,0.0,0,0.027397256520923764,73,534,6.328766256333389,2,10,4,28,42,9,10,0,0,0,0,1,0,0,0,0,Comedy
vNUXdNNC19g,904963,9500,937,0,0,0,1,1,0.0,4,11,79,0,0.0,0,0.06060604224059325,16,114,5.687496445314721,2,16,1,16,4,10,18,0,0,0,0,0,0,0,1,0,Comedy
Ijtw8RKypzs,1879066,42000,1285,0,0,0,1,0,0.0,0,8,55,0,0.0,0,0.0,26,168,4.576921316568725,2,18,5,22,6,10,16,0,0,0,0,0,1,0,0,0,Comedy
zfOSOew43xw,980363,15000,828,0,0,0,0,0,0.0,0,3,32,0,0.0,0,0.058823494809708936,2,18,6.999965000174999,0,0,1,12,5,10,17,0,1,0,0,0,0,1,0,0,Comedy
t4kAMsyn2bc,1072468,12000,1924,0,0,0,0,0,0.19999986666675557,0,9,61,0,0.0,0,0.21428556122459913,8,81,5.499993125008594,3,20,1,17,6,10,16,0,0,0,0,0,1,0,0,0,Comedy
OM9-K4CozUo,74572,1100,973,0,0,0,0,0,0.0,0,11,69,0,0.0,0,0.0,15,146,8.133327911114726,3,21,1,23,5,10,17,0,1,0,0,0,0,1,0,0,Comedy
8HIAs89P14g,93128,1200,496,0,0,0,0,0,0.0,0,2,15,0,0.0,0,0.0,3,25,7.33330888897037,0,0,1,8,7,10,15,0,0,0,0,1,0,0,0,0,Comedy
9albAewcaOk,1247161,8500,819,0,0,0,1,1,0.05263155124655198,2,13,89,0,0.0,0,0.0,25,179,6.11999755200098,2,10,4,23,141,6,3,0,0,0,1,0,0,0,0,0,Comedy
Ijtw8RKypzs,1879646,42000,1285,0,0,0,1,0,0.0,0,8,55,0,0.0,0,0.0,26,168,4.576921316568725,2,18,5,22,6,10,16,0,0,0,0,0,1,0,0,0,Comedy
zjWC39iYYG4,115910,3100,835,0,0,0,1,0,0.16666652777789354,0,7,43,0,0.0,0,0.0,9,62,5.222216419759534,3,14,1,5,8,10,14,0,0,0,1,0,0,0,0,0,Comedy
iFDnmlkYdXo,181848,923,15,6,0,0,0,0,0.0,0,11,77,0,0.0,0,0.0,22,146,5.681815599174728,2,8,3,14,7,10,15,0,0,0,0,1,0,0,0,0,News & Politics
iFDnmlkYdXo,181848,923,199,6,0,0,0,0,0.0,0,11,77,0,0.0,0,0.0,22,146,5.681815599174728,2,8,3,14,7,10,15,0,0,0,0,1,0,0,0,0,News & Politics
tqaLQdgT3GU,499844,9400,295,6,0,0,0,0,0.09090900826453795,0,11,73,0,0.0,0,0.0,39,302,6.743588014464611,2,8,13,15,31,9,21,0,1,0,0,0,0,0,0,1,News & Politics
tXG7CSJpr08,367383,6800,1174,6,0,0,0,0,0.2857138775516035,0,7,42,0,0.0,0,0.015873013353489944,63,458,6.285713287982017,2,8,13,20,7,10,15,0,0,0,0,1,0,0,0,0,News & Politics
7aG7ASAmKTo,1048136,16000,1342,6,0,0,0,0,0.0,0,10,78,0,0.0,0,0.028571420408165595,35,206,4.8857128897963165,2,8,13,5,9,10,13,0,0,1,0,0,0,0,0,0,News & Politics
tuN3x-lBCZ4,510546,10000,336,6,0,0,0,0,0.0,0,11,57,0,0.0,0,0.0,27,169,5.296294334705802,2,8,13,15,23,9,29,0,0,1,0,0,0,0,0,0,News & Politics
qvMnpj2Y3YI,925731,20000,469,6,0,0,0,0,0.2857138775516035,0,7,45,0,0.0,0,0.0,44,360,7.204543817149132,2,8,13,17,12,10,10,0,1,0,0,0,0,1,0,0,News & Politics
ZQ1TAolX4tw,428790,9700,781,6,0,0,0,0,0.4285708163274053,0,7,38,0,0.0,0,0.0,45,375,7.355553920988017,2,8,13,15,29,9,23,0,0,0,1,0,0,0,0,0,News & Politics
Y1eRY3jMdEM,1144214,21000,619,6,0,0,0,0,0.0,0,4,24,0,0.0,0,0.0,28,174,5.24999812500067,2,8,13,16,7,10,15,0,0,0,0,1,0,0,0,0,News & Politics
fcrf84sBqJs,46923,956,365,6,0,0,0,0,0.0999999000001,0,10,69,0,0.0,0,0.0,64,505,6.890623923340011,2,8,13,20,57,8,26,0,0,0,1,0,0,0,0,0,News & Politics
UmT-aLjyjvQ,1108114,20000,544,6,0,0,0,0,0.14285693877580175,0,7,37,0,0.0,0,0.019230765532545088,52,414,6.980767888313867,2,8,13,17,15,10,7,0,0,0,1,0,0,0,0,0,News & Politics
ddMHvdfOVCQ,1835515,23000,244,6,0,0,0,0,0.24999968750039064,0,8,44,0,0.0,0,0.018867920968316798,53,362,5.849055500178207,2,8,13,19,119,6,25,0,0,0,0,1,0,0,0,0,News & Politics
tl0u2ufT9m8,488487,7400,170,6,0,0,0,0,0.12499984375019532,0,8,47,0,0.0,0,0.0,55,429,6.818180578512622,2,8,13,15,20,10,2,0,0,0,0,0,1,0,0,0,News & Politics
cOK_JYOj0Nc,1277134,14000,518,6,0,0,1,0,0.07692301775152481,0,13,80,0,0.0,0,0.0232558085451608,43,271,5.3255801568418235,2,8,13,16,36,9,16,0,0,0,1,0,0,0,0,0,News & Politics
WuwAy0XBoZc,139196,2300,368,6,0,0,0,0,0.2727270247936138,0,11,76,0,0.0,0,0.05555554526749162,54,445,7.259257914952237,2,8,13,15,57,8,26,0,0,0,1,0,0,0,0,0,News & Politics
HndV87XpkWg,1403419,26000,223,1,1,0,0,0,0.0,0,3,19,0,0.0,0,0.0,57,364,5.3684201108034895,4,18,1,37,3815,5,13,0,0,0,0,1,0,0,0,0,Education
vxmSNvBhm9A,1193262,13000,233,1,0,0,1,0,0.14285693877580175,0,7,48,0,0.0,0,0.14814809327848397,27,169,5.22222028806656,2,14,1,9,2686,6,15,0,1,0,0,0,0,1,0,0,Education
hJP5GqnTrNo,2007675,49000,936,1,0,0,0,0,0.16666652777789354,0,10,54,0,0.0,0,0.05797100609115854,67,430,5.402984268211303,1,3,1,11,905,5,1,0,0,1,0,0,0,0,0,0,Education
liyn5xWvx44,2072308,25000,1332,1,1,0,0,0,0.058823494809708936,1,16,93,1,0.06249996093752441,1,0.04545452479339782,21,134,5.333330793652003,3,17,1,34,319,12,7,0,0,0,0,0,0,0,1,0,Education
GwEjuhpo26o,286743,10000,1490,1,0,0,0,0,0.14285693877580175,0,7,40,0,0.0,0,0.13636357438019348,22,162,6.4090879958690925,2,13,2,22,108,7,6,0,1,0,0,0,0,0,0,1,Education
72dc8VxyoqE,273992,9200,1310,1,0,0,0,0,0.0,1,3,25,0,0.0,0,0.0,29,229,6.862066599287379,2,13,2,23,129,6,15,0,1,0,0,0,0,0,0,1,Education
U-7THjkQdbg,1500358,4200,626,1,1,0,0,0,0.0,0,14,94,0,0.0,0,0.022727267561984642,44,268,5.068180666322576,1,6,1,28,177,4,28,0,0,1,0,0,0,0,0,0,Education
op4C2TypclE,20534162,63000,375,1,1,0,0,0,0.0714285204081997,0,12,80,0,0.0,0,0.0,6,65,9.999983333361111,3,15,3,20,2055,3,7,0,0,0,0,0,0,0,1,0,Education
AIu83Llt858,4003806,19000,55,1,1,0,0,0,0.0,0,11,67,0,0.0,0,0.0,6,65,9.999983333361111,3,15,3,26,2722,5,10,0,0,0,0,0,1,0,0,0,Education
K_Aq4H03Nm4,173835568,334000,3002,1,0,0,0,0,0.0,0,13,91,0,0.0,0,0.0,30,176,4.899998366667211,5,34,3,30,309,12,17,0,0,0,1,0,0,0,0,0,Education
DdNAUJWJN08,986034,13000,1317,1,0,0,0,0,0.0,0,6,38,0,0.0,0,0.024390237953600496,40,262,5.44999863750034,1,3,1,12,5012,2,1,0,0,0,0,1,0,0,0,0,Education
50HbumBoe1Q,9748842,12000,594,1,0,0,0,0,0.0,1,15,97,0,0.0,0,0.030303021120296626,31,177,4.677417845994244,7,48,6,22,948,3,19,0,1,0,0,0,0,0,0,1,Education
HJLNtge8jv4,24662090,51000,3423,1,0,0,0,0,0.0,0,12,77,0,0.0,0,0.0,28,161,4.785712576531223,5,35,6,20,1546,7,29,0,0,0,0,0,1,0,0,0,Education
0vNqXAwCBIs,109593,2900,251,1,0,0,0,0,0.3333322222259259,0,2,17,0,0.0,0,0.22222197530891633,9,58,5.5555493827229085,1,6,1,3,33,9,19,0,1,0,0,0,0,1,0,0,Education
q1xNuU7gaAQ,6890315,24000,243,1,0,0,0,0,0.0,0,11,64,0,0.0,0,0.0,8,42,4.374994531256836,2,13,1,16,3829,4,29,0,0,0,0,1,0,0,0,0,Education
g6CVApMxmqg,110411185,244000,3388,1,0,0,0,0,0.0,0,12,93,0,0.0,0,0.0,27,177,5.59259052126277,2,14,2,26,1288,4,13,0,0,0,0,1,0,0,0,0,Education
7AGa5z69zqU,470784,2800,3183,1,1,0,0,0,0.14285693877580175,1,6,41,0,0.0,0,0.029411756055365862,32,216,5.687498222656805,1,7,1,20,7,10,15,0,0,0,0,1,0,0,0,0,Education
44GbHn5S9bE,890816,1000,2198,1,0,0,0,0,0.0,0,13,96,0,0.0,0,0.0,33,191,4.75757431588657,5,40,2,26,515,5,25,0,0,0,0,0,0,0,1,0,Education
4HUCJliVbsw,27393864,42000,4028,1,0,0,0,0,0.0,0,10,62,1,0.0999999000001,1,0.0,29,184,5.344825743163537,3,20,3,27,3407,6,24,0,1,0,0,0,0,1,0,0,Education
tb9NX7yDTKc,4504038,14000,5544,1,0,0,1,0,0.0,0,15,92,2,0.1333332444445037,1,0.0,32,181,4.656248544922329,4,24,1,28,466,7,13,0,0,0,0,0,0,0,1,0,Education
IIiet2JJVcA,9119675,15000,2829,1,0,0,0,0,0.06249996093752441,1,15,95,0,0.0,0,0.0,26,177,5.769228550296711,7,48,6,24,200,4,5,0,0,0,0,0,0,0,1,0,Education
T9ViFtzplf8,71126228,127000,3572,1,0,0,0,0,0.06666662222225185,1,13,86,0,0.0,0,0.03571427295918823,27,164,5.0740721947880765,7,48,6,31,1376,1,15,0,0,0,0,0,0,0,1,0,Education
XWi0_77LSLI,5215170,26000,255,1,1,0,0,0,0.0,0,12,77,0,0.0,0,0.0,6,65,9.999983333361111,3,15,3,19,2304,7,2,0,0,0,1,0,0,0,0,0,Education
fAoAV6nTrEs,79961328,54000,893,1,1,0,0,0,0.0,2,16,95,0,0.0,0,0.0,32,182,4.687498535156707,7,48,6,25,1020,1,6,0,1,0,0,0,0,1,0,0,Education
LLsqo5THFAE,329921012,824000,3414,1,0,0,0,0,0.0,0,13,86,0,0.0,0,0.0,30,187,5.266664911111697,5,35,6,17,1889,8,20,0,0,0,0,0,1,0,0,0,Education
ytgu8uX76JA,20933817,5400,618,1,0,1,0,0,0.0,0,13,88,0,0.0,0,0.0,31,178,4.7741920083251586,6,36,1,70,172,5,3,0,0,0,0,0,0,0,1,0,Education
Gh-XKNuvvC4,419596777,1000000,3334,1,0,0,0,0,0.0,0,13,94,0,0.0,0,0.0,34,187,4.499998676470977,5,35,6,10,1840,10,8,0,0,0,0,0,1,0,0,0,Education
aXZPJ8yGbwU,3395236,85000,150,1,0,0,0,0,0.0,0,12,70,0,0.0,0,0.0,79,505,5.4050626069541,2,18,1,13,1919,7,21,0,0,0,1,0,0,0,0,0,Education
IrODhcpboW8,3472203,151000,60,1,0,0,0,0,0.0,0,4,36,0,0.0,0,0.0,34,248,6.264704039792929,2,20,1,15,4811,8,20,0,0,1,0,0,0,0,0,0,Education
ZJld-scpeXk,51578806,39000,320,1,0,0,0,0,0.06666662222225185,0,14,90,0,0.0,0,0.0,33,180,4.424241083563308,3,14,1,15,3092,5,5,0,1,0,0,0,0,1,0,0,Education
EyOA-cfhcCI,7099006,6200,2464,1,1,0,0,0,0.0,0,14,78,0,0.0,0,0.03225805411030513,31,162,4.258063142560276,6,27,1,37,899,5,7,0,1,0,0,0,0,0,0,1,Education
vZWnHiBMEBs,7080937,12000,1508,1,0,1,1,0,0.0,0,11,90,1,0.09090900826453795,1,0.0,31,178,4.677417845994244,3,20,3,32,2014,4,17,0,1,0,0,0,0,1,0,0,Education
ZcX0gl-NFFg,20274857,22000,1832,1,0,0,0,0,0.0,0,14,96,0,0.0,0,0.0,31,175,4.677417845994244,5,34,3,27,2002,4,29,0,0,0,0,1,0,0,0,0,Education
Op8A-oOMVwk,1011802,16000,369,1,0,0,0,0,0.0,0,4,25,0,0.0,0,0.0,13,83,5.230765207103687,2,10,1,4,2029,4,2,0,0,0,0,0,1,0,0,0,Education
_drDGcNMOrU,755521,1500,3785,1,0,0,0,0,0.0,0,12,85,0,0.0,0,0.0,32,182,4.718748525391085,7,45,1,31,279,1,16,0,0,0,0,0,1,0,0,0,Education
SslYF7wHo7I,9951,152,104,1,0,0,0,0,0.0,0,11,71,0,0.0,0,0.0,37,229,5.216214806428431,3,23,1,2,9,10,13,0,0,1,0,0,0,0,0,0,Education
uP4z90DOouA,22812,559,963,1,1,0,0,0,0.0,0,4,26,0,0.0,0,0.06666662222225185,13,71,4.15384295858234,3,22,1,16,9,10,13,0,0,1,0,0,0,0,0,0,Education
GZbx6HJFGu4,3495297,10000,2984,1,0,0,0,0,0.0,0,10,75,0,0.0,0,0.0,17,103,5.058820553634969,1,9,1,28,1579,6,26,0,0,0,0,0,0,0,1,0,Education
BOOQLQUnMas,45246540,68000,1801,1,0,0,0,0,0.0,0,11,84,0,0.0,0,0.0,37,186,4.054052958364065,5,34,3,19,2001,4,30,0,0,0,0,0,1,0,0,0,Education
WaLgPt8cRGk,15768994,29000,3699,1,0,0,0,0,0.0,0,12,83,0,0.0,0,0.0,35,191,4.485713004081998,5,35,6,22,1679,3,18,0,0,0,0,0,1,0,0,0,Education
PqVccyvntjw,27616,242,371,1,0,0,1,0,0.06249996093752441,0,15,92,0,0.0,0,0.06249996093752441,15,92,5.1333299111133925,2,14,1,5,40,9,12,0,1,0,0,0,0,1,0,0,Education
BWLM5oYqyMk,906624,19000,2723,1,0,0,0,0,0.0,0,12,82,0,0.0,0,0.009433961374154587,106,650,5.14150894891425,3,17,1,20,377,10,10,0,0,0,0,0,1,0,0,0,Education
ksmhlwkaPeY,18584106,29000,3700,1,0,0,1,0,0.0,0,13,77,0,0.0,0,0.0,24,142,4.9166646180564095,1,13,1,2,614,2,16,0,1,0,0,0,0,1,0,0,Education
kCHeKc2R96o,28330548,100000,3005,1,0,0,0,0,0.0,0,12,83,0,0.0,0,0.0,24,160,5.666664305556539,2,12,1,24,3345,8,25,0,0,0,0,0,1,0,0,0,Education
05dcZUK_k7I,13900869,20000,3968,1,0,1,0,0,0.0,0,12,73,0,0.0,0,0.0,37,186,4.054052958364065,5,35,6,35,1322,3,10,0,0,0,0,0,1,0,0,0,Education
YzjCssRah3E,11997116,14000,4219,1,0,0,0,0,0.058823494809708936,1,13,93,0,0.0,0,0.03225805411030513,29,178,5.137929262783013,7,48,6,27,991,2,4,0,0,0,0,0,0,0,1,0,Education
p-kAI-qOeJA,89015327,159000,1161,1,0,0,0,0,0.18749988281257324,2,14,89,0,0.0,0,0.033333322222225924,28,180,5.392855216837423,7,48,6,28,1418,12,4,0,0,0,0,0,0,0,1,0,Education
BXMW86xAjKg,10059,975,2570,1,0,0,1,0,0.0,0,10,72,0,0.0,0,0.0,16,115,5.9374962890648195,2,14,1,17,6,10,16,0,0,0,0,0,1,0,0,0,Education
Cy8rV31oUlo,294855,7500,699,1,0,0,1,0,0.0,0,8,55,0,0.0,0,0.0,34,186,4.499998676470977,1,2,1,19,18,10,4,0,0,0,0,0,0,0,1,0,Education
L96V9lOo8ec,33324903,45000,3655,1,0,0,0,0,0.0,0,12,80,0,0.0,0,0.0,33,188,4.727271294766274,5,35,6,6,1207,7,3,0,1,0,0,0,0,0,0,1,Education
B2482h_TNwg,972690,54000,2310,1,1,0,0,1,0.07692301775152481,3,12,85,0,0.0,0,0.07142855442177275,41,309,6.3902423438433305,2,16,1,33,53,8,30,0,0,0,0,0,0,0,1,0,Education
vZWnHiBMEBs,7080942,12000,1508,1,0,1,1,0,0.0,0,11,90,1,0.09090900826453795,1,0.0,31,178,4.677417845994244,3,20,3,32,2014,4,17,0,1,0,0,0,0,1,0,0,Education
YthfaWB7rk0,24208,43,228,1,0,0,0,0,0.0,0,9,63,0,0.0,0,0.0,26,168,5.4999978846161985,2,8,3,7,6,10,16,0,0,0,0,0,1,0,0,0,Education
McrvauTOJ1U,168706,10000,725,1,0,1,0,0,0.19999960000080003,0,5,34,0,0.0,0,0.018867920968316798,53,328,5.207546187255436,3,17,1,21,39,9,13,0,0,0,0,0,0,0,1,0,Education
7iITFrcNLcA,1624314,14000,217,1,0,0,0,0,0.0,0,5,25,0,0.0,0,0.0,17,94,4.588232595157297,1,11,1,12,5327,3,23,0,0,0,0,1,0,0,0,0,Education
WdnG-MAOAvs,129674,142,2381,1,0,0,0,0,0.06249996093752441,0,13,87,0,0.0,0,0.0,34,186,4.470586920415611,5,40,2,23,44,9,8,0,0,1,0,0,0,0,0,0,Education
NUMz00m8ySk,2828601,11000,230,1,0,0,0,0,0.0,0,16,95,0,0.0,0,0.0,19,148,6.631575457065549,5,36,1,29,274,1,21,0,0,0,1,0,0,0,0,0,Education
jJDHm2SY8qo,14920505,493000,2297,1,0,0,1,0,0.0499999750000125,0,16,88,2,0.12499992187504883,1,0.16666652777789354,7,54,5.857134489807872,4,23,1,10,1907,8,2,0,1,0,0,0,0,0,0,1,Education
GQcAc32asak,26838,149,259,1,0,0,1,0,0.07692301775152481,0,13,82,0,0.0,0,0.0,20,124,5.1999974000013,2,6,1,6,40,9,12,0,1,0,0,0,0,1,0,0,Education
pIZH8gBsznk,7337,512,1600,1,0,0,1,0,0.0,0,13,87,0,0.0,0,0.0,13,87,5.769226331364361,4,20,1,24,12,10,10,0,1,0,0,0,0,1,0,0,Education
v-vJ1RwK-lQ,26632,965,797,1,0,0,1,0,0.0,1,15,98,0,0.0,0,0.03225805411030513,28,193,5.678569400510929,2,12,1,10,41,9,11,0,0,0,0,0,1,0,0,0,Education
N59AY9GWOEE,633860,41000,892,1,0,0,0,1,0.0,2,13,86,0,0.0,0,0.0,18,136,6.499996388890895,3,22,1,19,718,11,4,0,0,0,0,0,0,0,1,0,Education
6Pko-X6lfVU,384206,20000,1560,1,0,0,1,0,0.0,0,15,96,0,0.0,0,0.0,10,67,5.3999946000054,4,22,2,26,58,8,25,0,0,1,0,0,0,0,0,0,Education
6ABLRRj-dTU,222228,19000,1243,1,0,1,0,0,0.0,0,6,32,0,0.0,0,0.0,59,322,4.4576263631141755,2,15,1,8,44,9,8,0,0,1,0,0,0,0,0,0,Education
D2aoL50Vx98,499703,28000,1165,1,0,0,1,0,0.0,0,13,79,0,0.0,0,0.0,11,81,5.818176528930429,4,22,2,26,69,8,14,0,0,0,0,0,1,0,0,0,Education
0aK_orhUStE,939310,3200,481,1,0,0,0,0,0.24999937500156252,0,3,20,0,0.0,0,0.11111098765445816,8,44,4.499994375007032,1,5,1,6,3746,7,21,0,0,0,1,0,0,0,0,0,Education
ze8bUYqYOao,197406,1200,2595,1,0,0,0,0,0.0,0,11,63,0,0.0,0,0.0,37,247,5.702701161432118,2,12,1,29,5,10,17,0,1,0,0,0,0,1,0,0,Education
QrnXZgFYMbk,357792,3600,5445,3,0,0,0,0,0.16666652777789354,0,9,69,0,0.0,0,0.1499999250000375,15,116,6.266662488891674,2,13,1,36,91,7,23,0,0,0,0,1,0,0,0,0,Film & Animation
jzksCOhcZog,985276,5000,6,3,0,0,0,1,0.07692301775152481,4,11,74,0,0.0,0,0.021739125708885716,44,266,4.9999988636366215,3,27,1,6,73,8,10,0,1,0,0,0,0,0,0,1,Film & Animation
C4ZP3--XhyU,960193,8200,1455,3,0,0,1,0,0.16666652777789354,0,11,68,0,0.0,0,0.15789465373965592,19,137,6.2631545983396855,1,8,1,28,269,1,26,0,1,0,0,0,0,0,0,1,Film & Animation
bBu9qVU3mKU,20308748,104000,205,3,0,0,0,0,0.0,0,8,47,0,0.0,0,0.01562499755859413,64,357,4.57812428466808,4,17,1,33,537,5,3,0,1,0,0,0,0,1,0,0,Film & Animation
HTDdIO74BuA,14821951,474000,609,3,0,0,0,0,0.0,0,9,53,0,0.0,0,0.0,49,277,4.6734684339860335,1,10,1,11,1819,10,29,0,0,0,0,0,1,0,0,0,Film & Animation
XmuG3jtXf_4,1291654,5000,5370,3,0,0,0,0,0.0,0,7,49,0,0.0,0,0.0,38,207,4.473683033241307,2,11,1,26,1306,3,26,0,0,0,0,0,0,0,1,0,Film & Animation
